Model,MAE,RMSE,R²,MAPE,Train_MAE,Train_R²,Region
Ensemble,4.446576222408443,6.471433388825736,0.523148919376454,114.19821315472747,5.467752324659634,0.5786785224984964,HSE Dublin & Midlands
LightGBM,4.638037166799979,7.037602967452572,0.43606204547882843,127.58852307319175,5.0801327533044685,0.6561055967816116,HSE Dublin & Midlands
Optimized_XGBoost,5.237202167510986,7.9531403487081755,0.27979016304016113,144.60212712279957,4.762059211730957,0.6905699968338013,HSE Dublin & Midlands
Simple_XGBoost,5.242077350616455,7.970546385297295,0.27663421630859375,147.9896016940661,4.8912200927734375,0.6763519644737244,HSE Dublin & Midlands
Baseline_MA_14,6.9690109890109895,9.382901379879925,-0.0024347281566705625,142.12432310392055,9.734399472426016,-0.13994195078961424,HSE Dublin & Midlands
Prophet,6.975750277129924,9.39923482114146,-0.0059277755744793215,141.76406963669268,9.7073033770671,-0.14773864469267384,HSE Dublin & Midlands
SARIMA,7.04061109636352,9.34143796218899,0.0064052949562928285,147.56930614336346,9.856135435528149,-0.25831157215592637,HSE Dublin & Midlands
