{
  "name": "Ensemble",
  "metrics": {
    "mae": 4.446576222408443,
    "rmse": 6.471433388825736,
    "r2": 0.523148919376454,
    "mape": 114.19821315472747
  },
  "timestamp": "2025-08-14T15:50:18.618490"
}