{
  "name": "Optimized_XGBoost",
  "metrics": {
    "mae": 4.896844387054443,
    "rmse": 7.0410760334613895,
    "r2": 0.5253207683563232,
    "mape": 116.22868633394128
  },
  "timestamp": "2025-08-14T15:50:29.676400"
}