{
  "name": "SARIMA",
  "metrics": {
    "mae": 6.653176768584581,
    "rmse": 9.30193281971042,
    "r2": -0.03753413683005835,
    "mape": 86.48954407951939
  },
  "timestamp": "2025-08-14T15:58:31.073456"
}