Model,MAE,RMSE,R²,MAPE,Train_MAE,Train_R²,Region
SARIMA,6.653176768584581,9.30193281971042,-0.03753413683005835,86.48954407951939,11.584623532201247,-0.7024700788589509,HSE Dublin & North East
Baseline_MA_14,6.793002915451893,9.397347029632101,-0.05892823267740788,89.20466332456421,7.764762208745611,-0.08041407659769773,HSE Dublin & North East
Ensemble,7.130817545101028,11.261444206020675,-0.5207022077469017,160.2381793034397,4.022311427448803,0.7322551440615611,HSE Dublin & North East
Prophet,8.187874007633098,9.631659796136164,-0.11239304800767935,157.0598738181772,11.034893554435548,-0.21710892853404107,HSE Dublin & North East
LightGBM,8.72068396524916,14.95403379524412,-1.6814685833797522,206.56555472921636,3.646016820574288,0.8047324931142015,HSE Dublin & North East
Optimized_XGBoost,9.076454162597656,15.083068732931762,-1.7279436588287354,222.34549699752674,3.378899097442627,0.8298495411872864,HSE Dublin & North East
Simple_XGBoost,9.407830238342285,16.267094936882458,-2.1730432510375977,233.7450868070738,3.474186420440674,0.8241530656814575,HSE Dublin & North East
