{
  "name": "Ensemble",
  "metrics": {
    "mae": 6.35327443896864,
    "rmse": 8.056786153902209,
    "r2": 0.261351658814018,
    "mape": 94.80697605112762
  },
  "timestamp": "2025-08-14T15:58:45.086456"
}