Model,MAE,RMSE,R²,MAPE,Train_MAE,Train_R²,Region
Optimized_XGBoost,4.896844387054443,7.0410760334613895,0.5253207683563232,116.22868633394128,5.010697841644287,0.7954331040382385,HSE Dublin & South East
Ensemble,4.930681327467947,6.967114411348898,0.5352407647540149,104.33978764121295,6.085711984993898,0.69935655971886,HSE Dublin & South East
Simple_XGBoost,5.032536029815674,7.099425880967803,0.517420768737793,119.39071499250437,5.1138691902160645,0.7862043976783752,HSE Dublin & South East
LightGBM,5.292456619635118,7.219713334531589,0.5009293256285422,134.27442679405087,5.2315769437425805,0.7781706804674707,HSE Dublin & South East
SARIMA,6.9158670390529755,10.435281932702074,-0.042630721895488444,77.26470422341585,19.53320773886517,-1.3351086000884655,HSE Dublin & South East
Prophet,7.366893891762656,10.282083441609954,-0.012242089419285174,97.78877312777254,12.77881247568673,-0.3532833806227189,HSE Dublin & South East
Baseline_MA_14,7.7767222625090655,10.245665981159693,-0.005084395242521245,115.42699944889196,12.403975912355799,-0.2488405842298136,HSE Dublin & South East
