{
  "name": "Ensemble",
  "metrics": {
    "mae": 7.364138285899034,
    "rmse": 8.954911806464185,
    "r2": 0.06736275529678659,
    "mape": 165.12044896863847
  },
  "timestamp": "2025-08-14T15:50:33.713703"
}