{
  "name": "Ensemble",
  "metrics": {
    "mae": 7.992446740717218,
    "rmse": 9.871508203871217,
    "r2": 0.3645223063753835,
    "mape": 19.609876792905464
  },
  "timestamp": "2025-08-14T15:50:31.126159"
}