{
  "name": "Simple_XGBoost",
  "metrics": {
    "mae": 0.08114457875490189,
    "rmse": 0.29076683367413864,
    "r2": 0.999506413936615,
    "mape": 0.589900366791757
  },
  "timestamp": "2025-08-14T15:50:12.718001"
}